Location,Plot,Experiment,Variety,Area,plant 1,plant 2,plant 3,plant 4,plant 5,plant 6,plant 7,plant 8,plant 9,plant 10,avg_diam
Chippewa,101-1,1,Henola,bottom,3.47,4,3.6,4.27,3.53,6.2,3.17,4.62,4.67,3.64,4.117
Chippewa,102-2,1,Earlina,bottom,4.25,3.57,3.73,3.44,3.49,3.15,4.53,4.23,3,3.48,3.687
Chippewa,103-3,1,Amaze,bottom,5.35,5.16,5.86,3.29,4.02,5.13,3.49,3.89,3.62,4.72,4.453
Chippewa,104-4,1,Vega,bottom,3.95,4.9,4.37,4.82,4.11,3.96,3.51,4.54,3.47,4.65,4.228
Chippewa,105-5,1,CFX-2,bottom,4.3,4.78,3.01,3.59,4.61,3.95,3.78,5.05,3.12,3.71,3.99
Chippewa,106-6,1,Santhica,bottom,6.53,6.49,3.99,4.03,3.72,3.53,4.48,3.03,5.59,4.35,4.574
Chippewa,107-7,1,NWG2463,bottom,6.16,5.75,6.8,6.03,4.5,5.33,6.03,6.96,4.51,4.61,5.668
Chippewa,108-8,1,NWG2730,bottom,5.05,4.92,6.36,5.03,5.03,3.51,3.3,4.19,4.1,4.66,4.615
Chippewa,109-9,1,Fibror,bottom,4.39,4.34,3.79,5.23,7.72,5.6,5,5.01,4.14,4.45,4.967
Chippewa,110-10,1,NWG4000,bottom,4.53,5.5,5.36,5.65,5.56,7.4,3.46,5.8,5.49,4.12,5.287
Chippewa,111-11,1,NWG4113,bottom,6.02,4.13,4.03,3.7,2.97,4.91,5.2,6.6,7.8,6.19,5.155
Chippewa,112-12,1,Futura,bottom,3.53,4.85,5.74,4.63,3.94,3.81,5.28,4.44,4.55,3.55,4.432
Chippewa,113-13,1,Carmenecta,bottom,4.9,5.59,7,7.32,6.4,7.67,8.64,7.34,6.08,4.57,6.551
Chippewa,114-14,1,Enectarol,bottom,5.51,4.33,5.28,0.91,3.83,4.34,4.51,3.25,2.32,4.12,3.84
Chippewa,115-15,1,Tibor,bottom,11.14,7.5,5.5,5.43,6.74,6.48,5.24,4.56,5.34,4.79,6.272
Chippewa,116-16,1,Bialob,bottom,3.85,3.35,3.68,3.71,4.62,3.65,3.9,3.66,4.04,4.19,3.865
Chippewa,117-17,1,Felina,bottom,4.79,4.32,3.4,3.82,5.63,4.19,3.8,3.43,4,3.7,4.108
Chippewa,118-18,1,Ferimon,bottom,3.34,5.64,2.7,4.65,4.29,5.47,4.24,4.13,3.77,2.46,4.069
Chippewa,201-6,1,Santhica,bottom,4.13,4.4,4.49,2.3,4.31,3.54,3.59,3.73,3.44,3.63,3.756
Chippewa,202-12,1,Futura,bottom,4.4,4.83,4.88,4.81,4.95,4.69,3.62,2.95,4.6,9.34,4.907
Chippewa,203-4,1,Vega,bottom,4.47,6.51,3.99,4.57,2.95,5.26,3.74,4.91,3.56,3.01,4.297
Chippewa,204-13,1,Carmenecta,bottom,8.89,8.53,5.9,4.61,5.3,7.79,8.66,6.28,6.68,10.2,7.284
Chippewa,205-1,1,Henola,bottom,5.29,3.76,5.26,3.99,4.31,4.18,3.88,4.53,6.31,4.19,4.57
Chippewa,206-9,1,Fibror,bottom,6.39,6.4,6.68,5.95,2.98,3.09,4.32,3.41,4.35,2.88,4.645
Chippewa,207-16,1,Bialob,bottom,4.45,4.39,8.87,8.95,3.61,3.97,3.95,4.64,4.91,2.89,5.063
Chippewa,208-10,1,NWG4000,bottom,8.23,5.07,4.64,5.09,6.63,5.25,5.25,5.15,4.74,4.72,5.477
Chippewa,209-8,1,NWG2730,bottom,6.07,6.19,6.03,6.35,5.19,6.33,4.8,4.45,4.77,4.83,5.501
Chippewa,210-3,1,Amaze,bottom,4.02,4.03,3.76,4.5,2.84,3.64,3.46,4.68,3.87,3.68,3.848
Chippewa,211-18,1,Ferimon,bottom,4.74,3.49,3.3,2.45,2.58,3.12,2.24,2.12,2.22,3.28,2.954
Chippewa,212-2,1,Earlina,bottom,5.38,3.09,3.18,2.92,2.63,3.59,2.4,4.03,5.21,2.94,3.537
Chippewa,213-5,1,CFX-2,bottom,4.38,4.32,4.39,3.32,2.22,3.97,2.88,3.65,3.26,4.69,3.708
Chippewa,214-7,1,NWG2463,bottom,5.38,5.79,4.74,4.12,5.3,4.55,3.36,3.65,4.28,4.09,4.526
Chippewa,215-15,1,Tibor,bottom,4.43,3.3,4.08,5.16,5.2,5.65,6.17,5.72,4.48,5.02,4.921
Chippewa,216-17,1,Felina,bottom,4.95,3.75,5.68,3.69,3.42,3.01,2.32,2.3,3.87,1.73,3.472
Chippewa,217-14,1,Enectarol,bottom,10.15,3.95,4.3,4.58,2.25,3.89,4.79,4.5,2.62,2.79,4.382
Chippewa,218-11,1,NWG4113,bottom,4.5,4.03,5.4,6.05,6.64,6.02,7.24,4.15,7.25,5.64,5.692
Chippewa,301-10,1,NWG4000,bottom,5.86,3.75,4.42,5.12,3.97,4.01,5.36,4.46,4.06,6.68,4.769
Chippewa,302-5,1,CFX-2,bottom,4.35,8.38,3.09,3.07,3.22,2.51,3.55,3.28,2.75,2.77,3.697
Chippewa,303-15,1,Tibor,bottom,7.27,4.17,3.74,3.45,3.26,3.69,4.08,4.87,4.63,6.8,4.596
Chippewa,304-12,1,Futura,bottom,3.57,4,4.05,3,3.07,4.04,3.05,3.87,3.87,4.73,3.725
Chippewa,305-2,1,Earlina,bottom,3.01,4.67,3.14,3.37,2.09,2.97,3,3.26,3.27,3.43,3.221
Chippewa,306-3,1,Amaze,bottom,3.55,3.62,3.98,2.8,3.38,4.29,3.31,4.05,2.53,3.48,3.499
Chippewa,307-1,1,Henola,bottom,4.09,3.31,4.99,3.67,2.69,4.12,3.24,2.06,4.01,2.88,3.506
Chippewa,308-4,1,Vega,bottom,5,4.25,5.41,6.61,4.59,6.61,6.05,6.02,3.68,5.08,5.33
Chippewa,309-16,1,Bialob,bottom,4.63,6.77,3.3,2.7,2.8,7.24,5.62,5.73,3.8,3.34,4.593
Chippewa,310-14,1,Enectarol,bottom,3.44,6.74,3.01,4.43,3.19,3.11,3.85,4.07,5.16,3.26,4.026
Chippewa,311-18,1,Ferimon,bottom,5.75,2.83,2.4,2.97,4.18,2.62,2.81,3.28,3.21,3.29,3.334
Chippewa,312-11,1,NWG4113,bottom,5.09,6.15,3.91,3.5,3.19,4.07,3.83,5.62,5.02,2.95,4.333
Chippewa,313-17,1,Felina,bottom,2.63,4.61,4.22,3.73,3.7,3.62,3.68,3.24,4.26,3.54,3.723
Chippewa,314-8,1,NWG2730,bottom,3.59,3.18,4.61,3.75,5.34,3.8,5.62,4.67,4.97,4.76,4.429
Chippewa,315-13,1,Carmenecta,bottom,8.33,3.11,7.77,9.01,5.06,6.67,6.44,5.43,4.22,3.97,6.001
Chippewa,316-6,1,Santhica,bottom,2.6,3.3,3.58,3.7,2.7,2.91,3.49,2.93,3.52,2.75,3.148
Chippewa,317-7,1,NWG2463,bottom,3.85,6.31,5.31,5.86,4.22,5.35,3.25,3.43,3.3,2.84,4.372
Chippewa,318-9,1,Fibror,bottom,4.87,4.99,5.25,4.46,4.12,4.37,4.75,3.42,4.84,2.9,4.397
Chippewa,401-18,1,Ferimon,bottom,7.12,4.68,4.07,2,3.65,3.58,3.08,4.22,5.52,2.82,4.074
Chippewa,402-14,1,Enectarol,bottom,4.55,3.76,3.14,5.26,4.25,5.2,4.46,2.76,3.08,4.72,4.118
Chippewa,403-15,1,Tibor,bottom,7.79,4.4,6.37,6.5,5.72,6.78,6.5,7.22,5.5,5.75,6.253
Chippewa,404-9,1,Fibror,bottom,4.03,4.17,5.17,5.33,6.28,5.68,5.88,3.85,3.81,5.24,4.944
Chippewa,405-11,1,NWG4113,bottom,4.03,4.53,4.79,5.14,6.13,4.56,6.08,4.77,6.81,5.07,5.191
Chippewa,406-7,1,NWG2463,bottom,5.09,5.9,5.46,5.01,4.35,3.81,3.24,4.5,4.44,3.89,4.569
Chippewa,407-12,1,Futura,bottom,3.13,4.04,3.29,3.1,3.71,4.07,3.72,4.59,3.1,3.06,3.581
Chippewa,408-16,1,Bialob,bottom,2.97,4.84,3.54,2.7,4.91,3.45,4.19,6.13,2.3,3.56,3.859
Chippewa,409-17,1,Felina,bottom,5.34,4,4.79,7.38,3.22,3.28,3.9,3.01,4.5,2.6,4.202
Chippewa,410-13,1,Carmenecta,bottom,6.42,5.2,5.14,4.4,5.36,6.39,4.2,4.29,4.29,7.14,5.283
Chippewa,411-8,1,NWG2730,bottom,6.16,5.28,5.2,5.13,4.05,6.42,5.27,8.52,5.37,6.54,5.794
Chippewa,412-2,1,Earlina,bottom,4.63,4.11,3.36,2.65,2.4,3.47,2.44,2.12,2.63,2.05,2.986
Chippewa,413-10,1,NWG4000,bottom,7.17,4.41,5.06,5.7,5.97,5.93,3.68,3.81,3.95,5.49,5.117
Chippewa,414-5,1,CFX-2,bottom,3.22,3.09,4.54,3.43,3.98,5.04,3.48,4.08,4.58,3.95,3.939
Chippewa,415-1,1,Henola,bottom,,,,,,,,,,,#DIV/0!
Chippewa,416-4,1,Vega,bottom,7.1,6.01,6.89,5.38,5.42,6.61,4,6.48,4.81,3.17,5.587
Chippewa,417-6,1,Santhica,bottom,4.68,3.37,4.43,4.7,6.79,4.22,2.85,5.38,3.25,5.25,4.492
Chippewa,418-3,1,Amaze,bottom,6.43,6.98,4.08,5.08,4.8,5.17,5.81,3.56,4.58,5.01,5.15
Chippewa,501-1,2,Tibor50,bottom,5.85,4.05,3.15,4.57,4.13,5.37,4.97,4.24,3.22,3.89,4.344
Chippewa,502-2,2,Tibor60,bottom,4.08,6.17,4.33,4.9,4.88,2.46,4.14,3.92,4.47,7.51,4.686
Chippewa,503-3,2,Tibor70,bottom,4.24,3.14,2.7,7.21,3.63,6.06,5.15,3.49,3.2,4.15,4.297
Chippewa,504-4,2,Tibor80,bottom,3.67,4.92,3.11,3.74,5.24,4.19,3.55,4.69,5.19,4.39,4.269
Chippewa,505-5,2,Felina50,bottom,4.39,4.4,5.27,3.06,6.08,4.05,4.82,5.5,2.78,5.08,4.543
Chippewa,506-6,2,Felina60,bottom,5.25,3.55,3.12,3.72,3.21,3.37,4.55,3.5,5.23,2.23,3.773
Chippewa,507-7,2,Felina70,bottom,4.54,5.74,4.21,4.2,4.42,4.7,3.33,2.8,3.64,1.38,3.896
Chippewa,508-8,2,Felina80,bottom,3.77,5.24,3.43,5.86,4.38,2.86,4.31,2.63,4.75,5.48,4.271
Chippewa,601-8,2,Felina80,bottom,3.15,4.52,3.32,4.14,3.33,3.43,3.89,2.76,2.97,2.13,3.364
Chippewa,602-4,2,Tibor80,bottom,3.78,4.29,4.88,4.13,2.28,4.72,5.32,3.47,3.15,6.77,4.279
Chippewa,603-1,2,Tibor50,bottom,4.29,6.96,7.66,5.85,9.16,5.69,7.08,4.89,4.88,5.01,6.147
Chippewa,604-6,2,Felina60,bottom,4.06,2.87,3.76,3.36,3.07,1.84,5.44,5.39,6.77,4.91,4.147
Chippewa,605-2,2,Tibor60,bottom,4.54,6.67,8.23,3.04,6.93,3.81,3.61,4.31,6.21,4.34,5.169
Chippewa,606-5,2,Felina50,bottom,,,,,,,,,,,#DIV/0!
Chippewa,607-7,2,Felina70,bottom,4.78,5.56,2.91,3.55,2.7,3.65,5.71,4.33,3.26,1.94,3.839
Chippewa,608-3,2,Tibor70,bottom,5.27,6.31,4.54,5.56,5.93,5.08,5.48,5.94,5.13,5.66,5.49
Chippewa,701-3,2,Tibor70,bottom,2.85,3.02,5.87,5.32,4.61,3.99,7.18,3.91,5.1,4.81,4.666
Chippewa,702-4,2,Tibor80,bottom,6.27,3.28,5.71,8.21,5.8,4.27,3.68,2.57,1.7,4.23,4.572
Chippewa,703-2,2,Tibor60,bottom,4.57,4.91,4.52,3.24,5.14,3.16,3.75,5.86,3.89,4.12,4.316
Chippewa,704-6,2,Felina60,bottom,3.1,4.4,2.14,2.96,3.27,1.06,3.27,3.09,2.85,4.15,3.029
Chippewa,705-7,2,Felina70,bottom,3.76,4.46,3.63,3.26,5.57,3.17,2,3.81,4.64,2.82,3.712
Chippewa,706-8,2,Felina80,bottom,2.41,3.07,3.56,2.61,2.29,2.15,2.97,2.57,5.22,2.49,2.934
Chippewa,707-1,2,Tibor50,bottom,3.94,3.37,3.47,4.6,3.1,4.15,6.22,3.62,3.77,2.77,3.901
Chippewa,708-5,2,Felina50,bottom,3.87,3.6,3.01,3.58,3.86,6.5,5.24,4.76,5.01,4.21,4.364
Chippewa,801-4,2,Tibor80,bottom,4.68,5.14,4.32,3.65,6.08,6.21,7.78,2.54,4.35,4.52,4.927
Chippewa,802-7,2,Felina70,bottom,3.69,5.05,5.82,4.19,3.92,2.57,2.73,2.92,2.73,,3.735555556
Chippewa,803-5,2,Felina50,bottom,4.8,3.45,5.39,3.88,2.31,2.08,3.33,7.04,4.91,,4.132222222
Chippewa,804-2,2,Tibor60,bottom,9.54,2.82,3.24,1.01,3.35,2.68,6.41,2.85,7.81,4.66,4.437
Chippewa,805-6,2,Felina60,bottom,5.65,5.91,9.84,6.08,7.42,3.35,4.23,8.07,8.29,7.31,6.615
Chippewa,806-3,2,Tibor70,bottom,5.77,2.83,6.23,7.7,5.38,5.37,4.25,4.09,6.31,5.03,5.296
Chippewa,807-8,2,Felina80,bottom,3.42,6.95,4.4,5.63,2.5,3.56,4.83,2.98,4.21,4.31,4.279
Chippewa,808-1,2,Tibor50,bottom,4.38,5.65,4.5,7.36,5.7,3.53,4.72,6.35,6.74,6.93,5.586
Chippewa,101-1,1,Henola,top,2.82,2.56,2.67,3.25,2.82,4.18,2.39,3.12,3.27,3.42,3.05
Chippewa,102-2,1,Earlina,top,3.49,2.52,3.12,2.56,3.22,1.81,3.08,3.61,1.95,2.14,2.75
Chippewa,103-3,1,Amaze,top,3.45,4.34,4.77,2.75,2.86,3.82,2.57,3.56,2.84,3.83,3.479
Chippewa,104-4,1,Vega,top,3.71,3.06,3.17,3.26,2.53,2.74,2.84,2.76,2.49,3.24,2.98
Chippewa,105-5,1,CFX-2,top,1.82,3.4,3.12,2.56,3.5,2.73,2.48,3.45,1.24,3.45,2.775
Chippewa,106-6,1,Santhica,top,4.63,3.5,2.87,2.04,2.28,2.46,3.27,1.94,2.83,2.73,2.855
Chippewa,107-7,1,NWG2463,top,3.82,1.52,2.03,4.33,2.41,2.92,4.02,3.55,2.31,2.45,2.936
Chippewa,108-8,1,NWG2730,top,3.53,3.16,2.62,2.54,2.41,2.1,2.07,2.88,2.59,2.62,2.652
Chippewa,109-9,1,Fibror,top,2.64,2.03,2.38,3.25,4.31,2.57,3,4,3.33,2.56,3.007
Chippewa,110-10,1,NWG4000,top,2.62,3.75,3.14,3.83,3.7,4.28,2.36,4,3.33,2.56,3.357
Chippewa,111-11,1,NWG4113,top,4.22,2.55,2.51,2.47,2.11,2.69,3.66,3.83,5.44,3.57,3.305
Chippewa,112-12,1,Futura,top,2.24,2.41,2.88,2.36,2.13,2.25,2.64,2.9,2.57,2.24,2.462
Chippewa,113-13,1,Carmenecta,top,2.02,3.32,4.8,3.68,3.49,5.05,4.7,4.49,3.56,2.21,3.732
Chippewa,114-14,1,Enectarol,top,3.12,3.22,2.82,0.78,1.83,2.47,3.19,2.67,2.1,2.2,2.44
Chippewa,115-15,1,Tibor,top,6.78,4.02,4.52,2.24,3.47,2.89,2.85,3.15,2.96,2.37,3.525
Chippewa,116-16,1,Bialob,top,1.94,2.19,1.22,2.08,2.66,2.03,2.02,2.26,2.35,2.36,2.111
Chippewa,117-17,1,Felina,top,2.94,2.4,1.98,2.41,2.56,2.63,2.05,1.45,1.98,2.61,2.301
Chippewa,118-18,1,Ferimon,top,1.76,3.02,1.39,2.43,2.16,2.97,2.35,1.54,2.62,1.09,2.133
Chippewa,201-6,1,Santhica,top,2.4,2.83,2.78,1.21,3.47,2.43,2.05,2.28,2.47,2.32,2.424
Chippewa,202-12,1,Futura,top,2.83,3.03,2.47,2.64,2.89,2.29,2.01,2.07,2.77,5.13,2.813
Chippewa,203-4,1,Vega,top,2.81,4.25,2.33,2.84,1.98,3.39,2.47,3.25,2.83,2.01,2.816
Chippewa,204-13,1,Carmenecta,top,5.21,4.94,3.14,1.91,3.75,3.57,4.59,3.64,3.61,5.93,4.029
Chippewa,205-1,1,Henola,top,3.3,1.87,3.18,2.64,2.69,3.55,2.53,3.55,4.36,2.76,3.043
Chippewa,206-9,1,Fibror,top,4.87,4.47,4.89,4.23,1.47,1.79,3.03,2.37,2.94,2.29,3.235
Chippewa,207-16,1,Bialob,top,1.55,2.74,3.18,2.86,2.16,2.54,2.8,3.19,2.8,2.26,2.608
Chippewa,208-10,1,NWG4000,top,6,2.84,2.5,2.26,4.65,3.08,2.8,3.36,3.33,2.79,3.361
Chippewa,209-8,1,NWG2730,top,4.08,4.31,3.95,3.78,3.73,3.24,3.37,2.95,2.21,2.94,3.456
Chippewa,210-3,1,Amaze,top,3.72,3.6,3.27,3.79,2.71,3.55,3.38,3.48,3.24,3.39,3.413
Chippewa,211-18,1,Ferimon,top,3.34,2.85,2.42,1.86,1.79,2.37,2.74,1.65,1.93,2.13,2.308
Chippewa,212-2,1,Earlina,top,4.38,2.95,2.01,2.07,2.92,2.18,3.04,4.28,2.09,,2.88
Chippewa,213-5,1,CFX-2,top,3.6,3.29,3.41,2.89,2.15,3.67,2.21,2.81,2.29,3.25,2.957
Chippewa,214-7,1,NWG2463,top,2.21,3.1,2.41,2.83,3.69,2.83,1.94,2.12,2.82,3.11,2.706
Chippewa,215-15,1,Tibor,top,2.85,2.35,1.67,3.16,2,3.67,4.05,3.6,2.33,2.83,2.851
Chippewa,216-17,1,Felina,top,4.48,2.75,3.26,2.44,2.19,2.29,1.59,1.7,2.99,1.79,2.548
Chippewa,217-14,1,Enectarol,top,3.67,1.54,2.39,2.57,1.1,2.05,2.54,2.83,1.08,1.15,2.092
Chippewa,218-11,1,NWG4113,top,1.8,1.85,3.12,3.52,3.58,3.77,4.58,2.76,4.19,3.41,3.258
Chippewa,301-10,1,NWG4000,top,4.2,2.49,3.32,4.03,3.11,2.46,3.59,2.71,3.15,4.34,3.34
Chippewa,302-5,1,CFX-2,top,3.78,3.29,2.17,2.72,2.59,2.34,2.65,2.63,2.06,2.01,2.624
Chippewa,303-15,1,Tibor,top,5.66,2.45,2.72,2.18,2.14,2.31,2.44,3.58,3.45,5.53,3.246
Chippewa,304-12,1,Futura,top,2.21,2.3,2.72,1.91,1.59,2.57,1.69,2.77,2.24,3.27,2.327
Chippewa,305-2,1,Earlina,top,3.31,3.81,2.44,1.97,1.86,1.82,2.42,2.55,2.53,2.34,2.505
Chippewa,306-3,1,Amaze,top,3.31,3.61,3.43,2.58,3.48,3.48,2.92,3.27,2.41,3.11,3.16
Chippewa,307-1,1,Henola,top,3.34,2.71,3.61,3.04,1.97,3.65,2.81,1.44,3.22,1.88,2.767
Chippewa,308-4,1,Vega,top,3.95,3.16,3.82,2.82,3.18,5.14,4.23,4.02,2.47,4.24,3.703
Chippewa,309-16,1,Bialob,top,2.23,5.3,2.16,1.45,1.97,5.54,4.04,3.75,2.49,1.82,3.075
Chippewa,310-14,1,Enectarol,top,2.17,4.33,1.61,2.7,2.06,1.51,1.77,2.74,3.14,1.86,2.389
Chippewa,311-18,1,Ferimon,top,3.99,2.42,1.71,1.96,3.6,1.89,2.17,2.58,2.36,2.68,2.536
Chippewa,312-11,1,NWG4113,top,3.12,3.86,2.74,2.28,2.14,2.52,2.51,3.25,2.89,2.22,2.753
Chippewa,313-17,1,Felina,top,2.11,3.22,2.7,2.45,2.31,2.13,2.46,2.18,3.41,2.86,2.583
Chippewa,314-8,1,NWG2730,top,2.62,2.03,3.22,2.94,3.67,2.59,4.12,3.67,2.83,3.54,3.123
Chippewa,315-13,1,Carmenecta,top,4.8,2.14,4.96,5.22,2.83,3.12,3.88,3.07,2.23,2.6,3.485
Chippewa,316-6,1,Santhica,top,1.68,2.67,2.59,2.06,1.84,1.97,2.89,2.03,2.01,1.75,2.149
Chippewa,317-7,1,NWG2463,top,2.2,4.3,3.61,3.54,3.33,3.06,2.66,2.23,2.31,1.91,2.915
Chippewa,318-9,1,Fibror,top,2.2,4.8,3.13,2.7,2.76,2.65,3.37,2.35,3.56,1.58,2.91
Chippewa,401-18,1,Ferimon,top,5.1,2.93,2.6,1.33,2.36,2.83,1.57,3.35,3.49,1.89,2.745
Chippewa,402-14,1,Enectarol,top,2.98,2.11,1.68,3.6,1.94,2.49,1.58,1.25,1.77,2.43,2.183
Chippewa,403-15,1,Tibor,top,5.52,2.65,3.45,4.52,4.13,4,4.19,5.74,3.97,3.33,4.15
Chippewa,404-9,1,Fibror,top,2.87,2.54,2.73,3.2,3.35,3.34,3.47,2.46,2.11,3.26,2.933
Chippewa,405-11,1,NWG4113,top,3.84,2.57,2.62,3.09,3.74,2.54,3.66,2.94,4.67,2.13,3.18
Chippewa,406-7,1,NWG2463,top,3.62,4.05,4.79,3.42,3.27,2.43,2.05,3.41,2.08,2.88,3.2
Chippewa,407-12,1,Futura,top,1.92,2.91,2.17,2.08,1.92,1.85,2.06,2.53,2,2.18,2.162
Chippewa,408-16,1,Bialob,top,2.07,2.05,2.03,3.12,2,2.54,4.63,1.34,1.89,,2.407777778
Chippewa,409-17,1,Felina,top,2.06,2.65,2.92,5.06,2.11,2.27,2.52,2.27,3.84,1.84,2.754
Chippewa,410-13,1,Carmenecta,top,4.32,2.81,3.35,2.68,2.76,3.5,3.1,2.41,2.23,5.22,3.238
Chippewa,411-8,1,NWG2730,top,4.72,3.63,4.15,3.39,2.81,3.87,2.85,7.15,3.19,4.06,3.982
Chippewa,412-2,1,Earlina,top,3.44,2.91,3.09,2.27,2.26,1.89,2.04,1.59,1.83,1.24,2.256
Chippewa,413-10,1,NWG4000,top,4.85,247,3.22,2.91,3.6,3.44,2.6,2.15,2.01,3.11,27.489
Chippewa,414-5,1,CFX-2,top,2.82,2.1,3.93,2.97,3.69,4.37,2.55,3.81,3,8.83,3.807
Chippewa,415-1,1,Henola,top,,,,,,,,,,,#DIV/0!
Chippewa,416-4,1,Vega,top,5.5,3.28,4.78,3.14,3.99,4.65,2.48,3.52,3.57,2.52,3.743
Chippewa,417-6,1,Santhica,top,2.84,1.85,2.57,2.84,4.45,2.97,1.62,3.14,2.09,3.45,2.782
Chippewa,418-3,1,Amaze,top,3.7,5.45,3.62,4.45,2.11,4.82,4.99,2.97,3.99,4.74,4.084
Buffalo,101-1,1,Henola,bottom,6.61,6.82,7,8.91,10.73,10.7,8.34,8.47,9.46,7.2,8.424
Buffalo,102-2,1,Earlina,bottom,5.7,4.49,1.82,4.57,4.5,3.93,4.19,6.02,4.19,,4.378888889
Buffalo,103-3,1,Amaze,bottom,5.33,5.76,6.6,7,7.92,4.87,8.2,3.66,5.2,6.3,6.084
Buffalo,104-4,1,Vega,bottom,9.26,8.13,6.26,7.4,9.61,7.93,10.58,7.17,6.97,9.5,8.281
Buffalo,105-5,1,CFX-2,bottom,7.18,6.55,5.88,6.47,4.96,7.22,5.42,6.56,7.14,7.29,6.467
Buffalo,106-6,1,CRS-1,bottom,4.27,7.73,7.04,4.94,7.95,7.48,6.47,4.31,4.41,9.24,6.384
Buffalo,107-7,1,NWG2463,bottom,9.12,6.63,7.51,8.08,8.81,9.31,4.55,6.96,9.17,8.95,7.909
Buffalo,108-8,1,NWG2730,bottom,9.07,7.72,7.26,5.09,9.76,7.39,3.9,5.13,5.27,6.27,6.686
Buffalo,109-9,1,Fibror,bottom,7.08,4.24,7.03,5.81,3.44,6.23,6.64,8.08,6.95,7.98,6.348
Buffalo,110-10,1,NWG4000,bottom,6.85,7.66,9.54,9.55,7.22,10.33,8.58,8.05,9.01,6.99,8.378
Buffalo,111-11,1,NWG4113,bottom,7.74,9.46,7.59,7.8,8.99,5.92,5.48,7.48,5.1,9.54,7.51
Buffalo,112-12,1,Futura75,bottom,6.16,3.25,9.94,8.14,4.27,7.07,6.35,3.75,6.67,2.79,5.839
Buffalo,113-13,1,Futura83,bottom,13.05,12.82,10.63,9.75,9.97,15.63,7.63,6.23,6.58,11.04,10.333
Buffalo,114-14,1,Santhica,bottom,13.84,11.23,8.1,10.09,10.2,5.93,6.23,5.41,6.42,9.5,8.695
Buffalo,115-15,1,Tibor,bottom,12.17,9.58,3.58,9.43,9.6,8.15,8.77,9.12,13.96,12.89,9.725
Buffalo,116-16,1,Bialob,bottom,8.97,9.8,8.4,7.53,6.12,4.89,6.77,11.56,7.34,9.84,8.122
Buffalo,117-17,1,Felina32,bottom,7.65,4.64,7.9,3.12,4.59,5.37,4.77,8.52,4.9,3.33,5.479
Buffalo,118-18,1,Ferimon,bottom,5.19,5.35,4.02,4.92,3.29,3.22,5.19,3.59,4.19,4.79,4.375
Buffalo,201-6,1,CRS-1,bottom,11.32,9.42,9.96,8.17,5.49,9.63,6.54,6.59,9.23,7.11,8.346
Buffalo,202-12,1,Futura75,bottom,9.1,6.95,6.71,5.36,6.51,9.22,8.59,8.25,11.2,9.13,8.102
Buffalo,203-4,1,Vega,bottom,12.2,7.15,5.99,8.1,9.98,5.18,8.72,5.55,8.29,7.42,7.858
Buffalo,204-13,1,Futura83,bottom,12.81,8.22,13.37,14.82,7.79,14.66,9.73,16.85,13.39,11.66,12.33
Buffalo,205-1,1,Henola,bottom,5.95,5.39,6.65,6.55,5.82,8.54,7.55,7.12,5.88,6.19,6.564
Buffalo,206-9,1,Fibror,bottom,9.61,7.33,8.75,7.57,10.28,11.51,8.44,9.03,9.6,5.91,8.803
Buffalo,207-16,1,Bialob,bottom,4.1,8.26,9.28,10.13,5.81,7.42,5.81,8.81,6.66,10.3,7.658
Buffalo,208-10,1,NWG4000,bottom,6.99,5.78,7.34,4.91,3.64,3.48,4.94,3.28,2.34,5.19,4.789
Buffalo,209-8,1,NWG2730,bottom,4.6,7.75,5.13,8.35,3.78,8.16,5.14,11.48,5.82,7.37,6.758
Buffalo,210-3,1,Amaze,bottom,8.55,7.3,6.86,5.96,6.08,5.55,5.55,4.16,5.17,4.83,6.001
Buffalo,211-18,1,Ferimon,bottom,7.86,5.45,5.96,2.9,4.62,6.71,6.52,6.71,6.78,4.17,5.768
Buffalo,212-2,1,Earlina,bottom,7.48,6.49,8.24,9.57,6.49,5.3,3.14,5.18,9.03,4.29,6.521
Buffalo,213-5,1,CFX-2,bottom,6.19,7.4,5.53,5.24,7.3,8.04,4.77,5.22,9.16,10.22,6.907
Buffalo,214-7,1,NWG2463,bottom,7.99,7.63,6.44,7.03,7.5,2.88,7.88,8.65,5.77,5.09,6.686
Buffalo,215-15,1,Tibor,bottom,4.6,2.97,2.75,4.08,8.53,9.3,5.83,9.16,3.23,9.01,5.946
Buffalo,216-17,1,Felina32,bottom,3.25,5.6,6.42,7.32,6.16,5.51,5.22,5.06,5.24,,5.531111111
Buffalo,217-14,1,Santhica,bottom,9.18,10.15,6.27,8.42,8.2,12.83,8.33,8.89,8.59,9.27,9.013
Buffalo,218-11,1,NWG4113,bottom,14.44,8.03,5.73,5.07,5.73,9.01,8.59,4.13,11.68,7.81,8.022
Buffalo,301-10,1,NWG4000,bottom,7.76,7.71,7.47,10.31,8.31,8.57,10.73,7.03,11.03,8.37,8.729
Buffalo,302-5,1,CFX-2,bottom,5.94,6.36,7.4,8.66,7.97,9.93,10.13,8.37,7.97,6.9,7.963
Buffalo,303-15,1,Tibor,bottom,18.82,10.48,9.68,3.82,12.44,5.67,11.69,7.99,18.07,12.2,11.086
Buffalo,304-12,1,Futura75,bottom,7.91,12,13.7,14.36,8.93,12.36,12.4,11.93,9.52,11.64,11.475
Buffalo,305-2,1,Earlina,bottom,6.4,7.45,8.4,7.56,7.94,7.37,6.35,6.24,6.13,8.06,7.19
Buffalo,306-3,1,Amaze,bottom,5.61,5.38,7.75,6.24,8.75,10.62,7.68,6.85,9.04,7.43,7.535
Buffalo,307-1,1,Henola,bottom,8.25,5.35,10.07,7.06,9.71,9.47,7.16,6.32,5.65,8.47,7.751
Buffalo,308-4,1,Vega,bottom,6.61,5.78,8.59,8.51,10.21,8.86,9.37,9.22,8.67,8.25,8.407
Buffalo,309-16,1,Bialob,bottom,8.33,7.18,9.25,6.72,8.69,6.12,5.77,6.96,7.48,8.12,7.462
Buffalo,310-14,1,Santhica,bottom,7.96,9.59,10.06,9.21,5.7,9.96,8.9,6.87,9.22,7.39,8.486
Buffalo,311-18,1,Ferimon,bottom,10.39,8.83,7.99,7.76,13.03,10.48,8.14,9.24,6.25,6.87,8.898
Buffalo,312-11,1,VWG4113,bottom,8.74,7.51,13.2,9.1,9.93,9.95,7.4,9.18,9.06,8.73,9.28
Buffalo,313-17,1,Felina32,bottom,6.27,6.14,6.22,8.97,9.04,6.59,7.12,6.09,6.49,8.11,7.104
Buffalo,314-8,1,NWG2730,bottom,7.09,8.6,7.37,6.99,7.43,6.76,6.98,8.14,7.21,5.41,7.198
Buffalo,315-13,1,Futura83,bottom,13.08,14.93,13.43,10.23,14.59,11.79,12.71,12.94,12.7,10.87,12.727
Buffalo,316-6,1,CRS-1,bottom,8.61,10.77,8.94,9.56,5.47,6.5,6.69,8.11,10.49,7.02,8.216
Buffalo,317-7,1,NWG2463,bottom,7.55,14.84,8.28,10.89,10.13,7.4,11.05,8.35,10.32,8.75,9.756
Buffalo,318-9,1,Fibror,bottom,9.04,7.3,7.18,8.93,9.52,6.79,6.36,5.6,6.55,,7.474444444
Buffalo,401-18,1,Ferimon,bottom,8.84,7.29,7.2,9.06,10.76,7.79,6.61,8.33,8.07,9.65,8.36
Buffalo,402-14,1,Santhica,bottom,11.94,18.78,9.65,9.78,10.62,9.38,7.54,11.63,12.11,9.97,11.14
Buffalo,403-15,1,Tibor,bottom,10.08,6.53,6.59,5.97,4.27,7.45,4.88,7.79,5.31,4.32,6.319
Buffalo,404-9,1,Fibror,bottom,11,7.64,8.37,10.31,8.91,9.7,8.84,9.39,6.19,8.57,8.892
Buffalo,405-11,1,NWG4113,bottom,7.48,6.36,8.41,9.26,9.03,7.91,9.32,7.44,7.93,8.52,8.166
Buffalo,406-7,1,NWG2463,bottom,10.31,5.9,7.71,7.66,7.75,7.67,6.73,7.4,8.02,7.28,7.643
Buffalo,407-12,1,Futura75,bottom,5.28,4.42,5.33,8.73,7.9,8.58,5.77,7.66,9.84,8.51,7.202
Buffalo,408-16,1,Bialob,bottom,9.63,11.5,9.17,11.32,10.63,7.73,8.22,9.02,9.95,9.72,9.689
Buffalo,409-17,1,Felina32,bottom,7.66,7.4,8.44,8.2,7.38,7.16,7.5,6.93,6.83,6.48,7.398
Buffalo,410-13,1,Futura83,bottom,14.18,10.45,12.43,10.8,15.04,13.28,13.77,12.05,10.21,13.79,12.6
Buffalo,411-8,1,NWG2730,bottom,7.12,9.93,7.06,9.92,6.32,6.95,8.06,8.94,7.49,8.95,8.074
Buffalo,412-2,1,Earlina,bottom,9.04,9.97,7,8.12,7.59,12.14,9.98,7.17,10.42,8.4,8.983
Buffalo,413-10,1,NWG4000,bottom,12.16,8.03,9.5,7.5,11.37,10.25,11.01,7.5,8.97,7.83,9.412
Buffalo,414-5,1,CFX-2,bottom,5.3,8.4,8.62,6.9,5.84,8.38,7.34,4.85,5.78,4.49,6.59
Buffalo,415-1,1,Henola,bottom,6.94,7.86,6.75,6.99,7.31,6.26,7.1,7.79,7.31,5.86,7.017
Buffalo,416-4,1,Vega,bottom,7.5,7.6,10.47,7.71,7.3,6.01,9.37,8.1,7.76,10.06,8.188
Buffalo,417-6,1,CRS-1,bottom,7.12,5.23,6.15,7.63,7.76,7.46,6.42,10.04,7,5.85,7.066
Buffalo,418-3,1,Amaze,bottom,11.13,7.75,6.57,7.24,9.43,7.27,8.23,8.38,7.92,6.97,8.089
Buffalo,501-1,2,Tibor50,bottom,9.24,12.44,9.23,9.43,11.94,8.85,7.87,8.91,8.32,7.42,9.365
Buffalo,502-2,2,Tibor60,bottom,11.23,11.57,7.54,9.29,9.32,7.55,8.93,6.57,8.48,7.57,8.805
Buffalo,503-3,2,Tibor70,bottom,12.7,12.57,9.07,4.92,7.66,9.81,9.29,10.05,7.61,,9.297777778
Buffalo,505-5,2,Felina50,bottom,6.98,3.42,6.37,4.29,4.15,6.49,6.24,6.15,5.4,7.78,5.727
Buffalo,506-6,2,Felina60,bottom,12.34,5.47,4.4,9.41,4.76,8.86,8.29,9.09,2.36,8.75,7.373
Buffalo,507-7,2,Felina70,bottom,10.4,6.63,5.87,6.9,2.39,5.91,2.45,5.16,6.71,7,5.942
Buffalo,601-8,2,Felina80,bottom,6.65,7.29,10.46,9.95,6.43,3.53,5.74,7.75,3.53,6.02,6.735
Buffalo,602-4,2,Tibor80,bottom,5.98,7.76,10.29,6.11,6.93,7.69,3.88,6.96,10.02,9.5,7.512
Buffalo,603-1,2,Tibor50,bottom,8.23,5.84,8.61,7.38,5.36,1.75,7.22,6.05,5.25,2.65,5.834
Buffalo,605-2,2,Tibor60,bottom,10.15,7.6,4.97,7.69,6.42,6.67,10.48,8.74,12.72,5.82,8.126
Buffalo,606-5,2,Felina50,bottom,7.18,7.42,7.01,4.84,6.83,3.55,4.19,3.27,7.22,6.62,5.813
Buffalo,607-7,2,Felina70,bottom,6.85,4.54,5.62,3.91,5.5,5.98,4.52,3.71,4.92,6.44,5.199
Buffalo,701-3,2,Tibor70,bottom,7.79,8.49,11.36,7.45,7.9,5.06,9.55,8.94,11.42,9.21,8.717
Buffalo,702-4,2,Tibor80,bottom,12.69,11.31,10.62,8.97,7.58,8.76,10.4,14.23,12.46,9.34,10.636
Buffalo,703-2,2,Tibor60,bottom,8.71,8.34,5.8,9.58,5.56,5.37,11.18,3.55,5.92,8.7,7.271
Buffalo,705-7,2,Felina70,bottom,8.82,11.89,7.94,7.32,5.51,9.08,10.51,10.06,3.72,7.09,8.194
Buffalo,706-8,2,Felina80,bottom,8.58,9.68,11.32,8.19,5.56,8.48,9.83,10.09,4.98,10.78,8.749
Buffalo,707-1,2,Tibor50,bottom,10.52,8.88,8.9,8.6,8.22,8.67,8.52,7.19,4.85,10.75,8.51
Buffalo,801-4,2,Tibor80,bottom,11.67,7.71,6.69,6.54,5.35,6.52,7.91,6.32,7,5.94,7.165
Buffalo,802-7,2,Felina70,bottom,8.06,6.61,"6,92",7.74,5.34,7.5,6.33,6.21,8.28,7.42,7.054444444
Buffalo,804-2,2,Tibor60,bottom,8.45,6.51,2.64,3.84,6.56,5.65,9.66,5.45,6.57,6.44,6.177
Buffalo,805-6,2,Felina60,bottom,5.78,4.67,7.53,4.43,7.8,5.04,3.09,4.06,5.06,3.77,5.123
Buffalo,806-3,2,Tibor70,bottom,10.9,11.57,7.28,8.52,6.65,7.43,6.91,12,10.67,,9.103333333
Buffalo,807-8,2,Felina80,bottom,10.97,3.83,8.22,6.53,6.87,4.04,7.12,6.94,5.15,4.59,6.426
Buffalo,101-1,1,Henola,top,4.16,3.05,4.35,9.32,5.28,5.12,3.24,4.1,5.55,3.26,4.743
Buffalo,102-2,1,Earlina,top,2.55,1.75,4.58,4.57,2,3,1.92,2.15,3.33,1.8,2.765
Buffalo,103-3,1,Amaze,top,4.9,4.38,2.9,4.09,3.21,2.52,2.27,2.46,2.74,2.94,3.241
Buffalo,104-4,1,Vega,top,4.9,4.38,2.9,4.09,3.21,2.52,2.27,2.46,2.74,2.94,3.241
Buffalo,105-5,1,CFX-2,top,4.18,3,2.98,3.25,3.2,2.9,4.95,3.1,3,3.59,3.415
Buffalo,106-6,1,CRS-1,top,3.42,3.6,2.7,3.06,2.71,2.55,3.23,3.47,3.06,3.84,3.164
Buffalo,107-7,1,NWG2463,top,1.66,3.61,2.22,2.22,3.44,2.72,2.55,1.42,1.5,3.46,2.48
Buffalo,108-8,1,NWG2730,top,3.17,3.17,2.84,2.46,2.77,4.5,1.23,2.15,3.26,2.94,2.849
Buffalo,109-9,1,Fibror,top,3.87,2.25,2.4,2,3.8,2.77,1.93,1.91,2.08,2.69,2.57
Buffalo,110-10,1,NWG4000,top,3.17,2.14,3.13,2.6,2.22,2.43,2.78,3.38,3.2,4,2.905
Buffalo,111-11,1,NWG4113,top,3.22,3.53,4.14,4.3,3.45,3.93,3.55,4.13,3.18,2.67,3.61
Buffalo,112-12,1,Futura75,top,3.28,3.73,2.8,3.92,3.76,2.1,2.24,3.25,2.7,4.69,3.247
Buffalo,113-13,1,Futura83,top,2.66,1.48,4.3,2.88,1.7,3,2.1,1.55,3.34,1.16,2.417
Buffalo,114-14,1,Santhica,top,4.8,5.5,4,3.7,3.4,4.67,3.73,1.92,2.33,3.05,3.71
Buffalo,115-15,1,Tibor,top,5.8,3.1,2.85,2.6,2.24,2.25,2.2,2.05,2.3,4.22,2.961
Buffalo,116-16,1,Bialob,top,4.6,4.33,1.01,5.46,3.24,2.83,3.39,3.35,4.22,5.07,3.75
Buffalo,117-17,1,Felina32,top,3.93,3.02,2.16,1.93,2.2,2.05,2.4,3.11,2.73,2.88,2.641
Buffalo,118-18,1,Ferimon,top,2.7,2.02,2.53,1.32,1.82,2.17,2.35,2.16,2.27,0.93,2.027
Buffalo,201-6,1,CRS-1,top,2.89,3.07,1.89,5.3,2.24,2.13,2.66,2.3,3.17,,2.85
Buffalo,202-12,1,Futura75,top,3.22,3.1,3.21,3.37,1.57,3.98,2.49,3.48,2.63,2.25,2.93
Buffalo,203-4,1,Vega,top,2.64,3.22,3.5,2.16,3.21,2.18,3.7,2.81,2.8,3.13,2.935
Buffalo,204-13,1,Futura83,top,4.36,2.51,1.97,3.86,1.97,1.64,2.73,1.99,2.13,1.21,2.437
Buffalo,205-1,1,Henola,top,3.25,2.82,3.89,2.97,1.35,4.76,3.81,3.53,3.03,2.65,3.206
Buffalo,206-9,1,Fibror,top,2.54,3.69,2.46,2.91,2.2,1.96,2.37,2.4,2.18,2.77,2.548
Buffalo,207-16,1,Bialob,top,3.46,3.15,4.26,3.32,3.5,3.59,2.72,2.11,3.63,1.76,3.15
Buffalo,208-10,1,NWG4000,top,2.15,2.99,3.88,4.26,2.22,3.48,2.46,2.68,1.89,2.95,2.896
Buffalo,209-8,1,NWG2730,top,2.75,2.9,3.8,2.24,1.7,2.58,2.5,2.17,0.67,2.86,2.417
Buffalo,210-3,1,Amaze,top,3.04,1.58,2.27,2.85,2.45,2.71,2.6,5.05,2.21,3.26,2.802
Buffalo,211-18,1,Ferimon,top,2.31,2.46,2.79,2.38,3.62,2.66,4.18,2.59,2.75,2.48,2.822
Buffalo,212-2,1,Earlina,top,3.02,3.04,3.88,2.78,4.14,3.24,4.18,3.1,3.19,2.13,3.27
Buffalo,213-5,1,CFX-2,top,2,2.75,2.71,2.33,2.82,1.97,1.98,1.92,4,1.5,2.398
Buffalo,214-7,1,NWG2463,top,2.91,4.04,2.26,1.7,4.51,2.74,2.22,2.16,5.8,4.5,3.284
Buffalo,215-15,1,Tibor,top,3.11,4.4,2.64,2.67,3.17,4.86,4.44,3.79,2.3,2.2,3.358
Buffalo,216-17,1,Felina32,top,0.85,1.7,1.69,3.12,3.4,4.85,1.46,2.77,2.02,2.21,2.407
Buffalo,217-14,1,Santhica,top,1.98,2.2,4.46,2.79,1.7,1.82,2.41,2.55,2.25,,2.462222222
Buffalo,218-11,1,NWG4113,top,2.91,3.71,2.49,3.18,1.75,3.42,2.44,0.92,2.88,3.12,2.682
Buffalo,301-10,1,NWG4000,top,3.74,2.57,1.92,3.76,1.55,2.95,3.11,1.26,2.42,3,2.628
Buffalo,302-5,1,CFX-2,top,3.36,3.79,3.86,3.45,3.59,3.25,4.63,3.15,3.96,3.84,3.688
Buffalo,303-15,1,Tibor,top,2.87,2.74,3.91,3.93,4.47,5.51,4.66,4.36,3.13,4.01,3.959
Buffalo,304-12,1,Futura75,top,6.1,3.69,4.44,8.9,3.92,2.97,3.77,4.22,3.59,3.94,4.554
Buffalo,305-2,1,Earlina,top,2.57,3.55,3.48,4.87,3.75,5.15,4.99,4.42,3.16,4.46,4.04
Buffalo,306-3,1,Amaze,top,3.97,3.96,3.72,3.23,4.86,3.55,3.31,4.7,2.87,4.5,3.867
Buffalo,307-1,1,Henola,top,2.55,1.87,2.69,2.27,2.66,4.07,3.85,3.45,3.17,1.97,2.855
Buffalo,308-4,1,Vega,top,3.61,3.11,4.65,2.44,3.32,2.76,2.69,2.59,2.53,3.5,3.12
Buffalo,309-16,1,Bialob,top,3.3,3.36,3.1,3.44,4.87,3.89,3.26,4.72,3.54,3.14,3.662
Buffalo,310-14,1,Santhica,top,3.77,3,3.19,2.67,3.38,2.54,3.61,3.07,3.74,3.3,3.227
Buffalo,311-18,1,Ferimon,top,3.27,3.78,4.84,4.11,2.84,3.61,3.09,2.8,3.98,3.69,3.601
Buffalo,312-11,1,VWG4113,top,6.32,3.24,4.19,2.85,6.36,3.49,4.17,4.55,2.8,3.18,4.115
Buffalo,313-17,1,Felina32,top,4.04,2.34,5.45,3.83,4.68,3.07,4.12,3.98,2.35,2.12,3.598
Buffalo,314-8,1,NWG2730,top,2.69,2.69,2.97,3.1,3.23,4.83,2.26,2.62,3.05,2.62,3.006
Buffalo,315-13,1,Futura83,top,2.29,3.73,1.91,2.43,3.21,3.16,1.21,2.66,2.51,1.96,2.507
Buffalo,316-6,1,CRS-1,top,3.71,3.67,4.18,2.18,4.9,3.61,3.67,5.39,4.54,1.82,3.767
Buffalo,317-7,1,NWG2463,top,4.1,3.64,3.34,2.67,2.45,3.1,3.02,3.22,4.09,3.03,3.266
Buffalo,318-9,1,Fibror,top,4.78,5.09,4.33,4,4.32,3.17,5.55,3.69,3.81,2.29,4.103
Buffalo,401-18,1,Ferimon,top,4.1,2.87,3.42,3.14,3.15,3.15,2.66,3.14,3.09,,3.191111111
Buffalo,402-14,1,Santhica,top,4.34,3.38,3.05,3.46,3.15,3.71,3.07,3.73,3.85,4.1,3.584
Buffalo,403-15,1,Tibor,top,4.17,7.3,3.86,3.81,3.79,5.1,2.21,4.38,3.75,3.97,4.234
Buffalo,404-9,1,Fibror,top,4.49,3.64,0.95,2.47,1.88,2.54,1.79,2.58,2.18,2.14,2.466
Buffalo,405-11,1,NWG4113,top,3.41,3.22,3.25,3.81,3.48,4.44,3.97,3.59,2.75,3.19,3.511
Buffalo,406-7,1,NWG2463,top,1.58,1.13,3.25,2.69,3.57,3.16,1.14,1.43,2.33,3.1,2.338
Buffalo,407-12,1,Futura75,top,2.02,2.32,3.38,3.51,3.41,3.25,2.91,2.31,3.14,3.73,2.998
Buffalo,408-16,1,Bialob,top,2.44,2,1.99,3.28,3.3,2.33,2.69,2.79,3.34,3.03,2.719
Buffalo,409-17,1,Felina32,top,3.96,4.54,3.97,3.36,3.37,3.24,2.71,3.61,4.4,3.87,3.703
Buffalo,410-13,1,Futura83,top,3.96,2.42,3.02,4.14,3.27,3.56,4.02,2.95,2.78,2.72,3.284
Buffalo,411-8,1,NWG2730,top,4.41,4.9,2.6,3.31,4.75,4.7,4.44,5.36,3.91,4.57,4.295
Buffalo,412-2,1,Earlina,top,3.27,3.96,1.99,4.14,2.81,2.83,3.32,2.87,3.3,4.3,3.279
Buffalo,413-10,1,NWG4000,top,2.4,3.9,2.95,3,3.83,4.55,5.01,2.85,3.36,3.83,3.568
Buffalo,414-5,1,CFX-2,top,4.47,2.8,4.37,5.19,5.16,4.14,4.29,2.81,2.45,2.24,3.792
Buffalo,415-1,1,Henola,top,2.36,2.79,4,2.7,4.69,3.34,3.52,2.2,2.51,2.07,3.018
Buffalo,416-4,1,Vega,top,2.6,2.92,2.44,2.62,2.96,2.55,3.37,3.13,2.74,2.65,2.798
Buffalo,417-6,1,CRS-1,top,3.62,2.75,3.75,4.22,2.62,3.63,3.56,4.33,3.31,3.23,3.502
Buffalo,418-3,1,Amaze,top,3.15,2.84,2.46,2.89,1.84,2.71,3.25,3.26,3.16,1.97,2.753
Whirling Thunder,101-1,1,Fibror79,bottom,8.32,5.47,6.88,6.74,6.33,5.7,5.1,7.62,6.83,9.22,6.821
Whirling Thunder,102-2,1,Futura83,bottom,9.76,6.28,6.75,7.25,7.27,6.29,6.52,4.38,,,6.8125
Whirling Thunder,103-3,1,Futura75,bottom,7.96,5.98,10.32,9.15,10.79,9.74,9.43,10.64,6.7,6.8,8.751
Whirling Thunder,104-4,1,Santhica70,bottom,6.74,7.31,7.81,7.35,7.62,7.66,7.16,6.95,9.74,8.32,7.666
Whirling Thunder,105-5,1,Carmenecta,bottom,11.51,4.76,9.94,12.08,8.1,12.4,10.51,10.09,6.74,11.76,9.789
Whirling Thunder,106-6,1,Enectarol,bottom,9.2,6.49,7.79,7.72,10,7.02,6.99,11.96,8,8.51,8.368
Whirling Thunder,107-7,1,USO31,bottom,7.36,8.64,5.84,8.39,4.74,10.23,8.28,5.75,4.9,5.95,7.008
Whirling Thunder,108-8,1,Bialob,bottom,4.79,5.85,6.65,8.58,6.92,8.67,4.38,7.67,8.85,6.32,6.868
Whirling Thunder,109-9,1,Orion33,bottom,6.2,7.65,6.34,8.13,13.07,11.57,11.7,7.02,8.27,7.15,8.71
Whirling Thunder,110-10,1,Tibor,bottom,12.68,8.66,8.93,8.18,9.39,4.58,6.18,5.08,9.32,4.89,7.789
Whirling Thunder,111-11,1,Muka,bottom,5.96,5.63,7.61,8.93,6.06,5.49,5.81,7.76,5.96,,6.578888889
Whirling Thunder,112-12,1,Ferimon,bottom,6.98,5.09,6.23,8.26,6.33,4.6,6.31,4.93,5.04,5.84,5.961
Whirling Thunder,201-6,1,Enectarol,bottom,7.22,4.76,5.36,7.7,8.02,6.58,6.34,5.34,7.12,7.01,6.545
Whirling Thunder,202-12,1,Ferimon,bottom,11.01,4.29,8.21,7.28,8.28,9.16,6.67,7.92,11.18,6.26,8.026
Whirling Thunder,203-4,1,Santhica70,bottom,10.79,6.83,7.85,10.91,11.88,6.56,7.23,10.2,10.07,10.48,9.28
Whirling Thunder,205-1,1,Fibror79,bottom,7.58,10.17,7.15,7.3,6.65,9.49,9.74,8.03,4.78,10.24,8.113
Whirling Thunder,206-9,1,Orion33,bottom,3.91,7.01,5.12,5.01,8.02,8.34,6.84,6.83,4.7,,6.197777778
Whirling Thunder,208-10,1,Tibor,bottom,6.1,6.33,8.54,4.91,5.06,5.8,5.58,5.17,6.87,5.29,5.965
Whirling Thunder,209-8,1,Bialob,bottom,9.24,7.33,5.58,6.62,5.43,4.01,5.04,4.08,3.89,7.05,5.827
Whirling Thunder,210-3,1,Futura75,bottom,4.38,6.51,10.28,4.78,7.18,9.61,7.85,13.39,7.76,,7.971111111
Whirling Thunder,212-2,1,Futura83,bottom,10.53,8.33,15.28,5.85,4.81,5.7,7.81,7.86,6.59,10.77,8.353
Whirling Thunder,213-5,1,Carmenecta,bottom,6.39,7.86,6,7.05,5.39,5.14,9.01,4.76,4.35,5.56,6.151
Whirling Thunder,214-7,1,USO31,bottom,3.66,8.68,7.74,7.72,8.36,7.92,6.54,5.9,8.79,8.16,7.347
Whirling Thunder,218-11,1,Muka,bottom,7.48,9.42,7.55,5.81,5.16,5.6,5.1,4.1,4.14,5.62,5.998
Whirling Thunder,301-10,1,Tibor,bottom,8.86,6.74,5.35,6.41,7.78,9.63,9.57,9.47,4.07,2.62,7.05
Whirling Thunder,302-5,1,Carmenecta,bottom,6.9,6.67,8.1,7.54,5.51,6.32,10.21,5.27,4.45,5.62,6.659
Whirling Thunder,304-12,1,Ferimon,bottom,6.84,5.66,5.25,5.13,5.33,8.65,5.44,8.4,7.44,,6.46
Whirling Thunder,305-2,1,Futura83,bottom,3.99,8.19,10.05,11.41,4.41,9.78,4.97,4.37,6.39,5.82,6.938
Whirling Thunder,306-3,1,Futura75,bottom,3.86,5.95,5.83,6.47,6.25,5.36,4.55,12.64,3.35,4.32,5.858
Whirling Thunder,307-1,1,Fibror79,bottom,6.45,5.79,9.8,8.66,7.07,8.32,4.59,5.65,6.63,4.87,6.783
Whirling Thunder,308-4,1,Santhica70,bottom,4.84,8.66,5.26,4.94,5.4,5.43,8.22,6.16,4.49,4.36,5.776
Whirling Thunder,312-11,1,Muka,bottom,3.31,6.9,6.25,4.62,15.96,4.43,6.81,5.78,6.79,5.5,6.635
Whirling Thunder,314-8,1,Bialob,bottom,6.32,6.69,5.97,8.69,8.72,7.83,7.93,5.01,3.58,3.84,6.458
Whirling Thunder,316-6,1,Enectarol,bottom,5.47,5.85,6.1,7.27,8.42,9.58,7.92,5.95,6.09,5.73,6.838
Whirling Thunder,317-7,1,USO31,bottom,6.2,3.62,7.71,5.03,4.85,5.09,6.23,3.89,5.32,5.79,5.373
Whirling Thunder,318-9,1,Orion33,bottom,6.72,7.73,7.23,6.83,4.64,5.37,6.57,7.19,6.69,9.92,6.889
Whirling Thunder,404-9,1,Orion33,bottom,5.26,4.88,3.27,4.46,4.67,2.94,3.82,4.41,3.99,3.31,4.101
Whirling Thunder,405-11,1,Muka,bottom,4.05,6.21,6.46,6.3,4.51,4.4,5.66,3.35,6.23,,5.241111111
Whirling Thunder,406-7,1,USO31,bottom,2.35,4.04,3.39,3.81,5.62,3.92,3.94,3.91,4.1,4.89,3.997
Whirling Thunder,407-12,1,Ferimon,bottom,6.58,5.51,7.71,5.95,6.76,6.19,4.97,6.57,7.48,6.49,6.421
Whirling Thunder,411-8,1,Bialob,bottom,4.36,4.49,5.8,3.8,4.62,6.16,5.01,2.88,5.16,,4.697777778
Whirling Thunder,412-2,1,Futura83,bottom,7.34,8.97,9,7.49,5.29,5.55,4.9,5.15,9.29,6.9,6.988
Whirling Thunder,413-10,1,Tibor,bottom,4.23,4.04,3.94,5.26,4.79,3.1,3.13,3.46,4.06,2.09,3.81
Whirling Thunder,414-5,1,Carmenecta,bottom,6.2,6.06,7.5,3.33,6.44,6.55,3.66,5.55,5.75,5.53,5.657
Whirling Thunder,415-1,1,Fibror79,bottom,4.3,5.24,7.71,6.68,6.51,6.82,5.4,3.42,3.39,6.41,5.588
Whirling Thunder,416-4,1,Santhica70,bottom,5.97,5.53,3.7,5.92,3.42,3.54,3.58,4.31,8.39,4.07,4.843
Whirling Thunder,417-6,1,Enectarol,bottom,7.78,7.84,6.16,9.73,7.6,6.03,4.12,6.17,6.05,0.21,6.169
Whirling Thunder,418-3,1,Futura75,bottom,3.84,3.46,5.47,5.04,2.8,5.58,4.87,1.82,3.94,5.97,4.279
Whirling Thunder,501-1,2,Tibor50,bottom,5.93,4.9,6.93,6.75,5.69,6.4,6.09,4.2,6.4,7.47,6.076
Whirling Thunder,502-2,2,Tibor60,bottom,4.67,5.07,5.54,7.29,4.56,3.94,3.7,4.15,6.83,,5.083333333
Whirling Thunder,503-3,2,Tibor70,bottom,6.42,7.08,6.4,4.99,6.08,4.84,3,5.57,8.18,4.12,5.668
Whirling Thunder,504-4,2,Tibor80,bottom,2.84,8.56,8.51,7.1,6.86,3.29,6.45,9.77,4.92,6.35,6.465
Whirling Thunder,505-5,2,Felina50,bottom,5.95,4.4,3.44,6.15,4.13,4.47,6.52,6.51,5.92,6.07,5.356
Whirling Thunder,506-6,2,Felina60,bottom,5.08,6.1,6.13,6.1,4.73,8.4,4.2,7.54,4.21,7.13,5.962
Whirling Thunder,507-7,2,Felina70,bottom,7.34,7.52,9.76,3.11,4.63,3.72,5.09,2.47,5.16,6.45,5.525
Whirling Thunder,508-8,2,Felina80,bottom,7.7,5.74,4.37,5.29,3.77,3.49,3.66,3.26,4.78,3.42,4.548
Whirling Thunder,601-8,2,Felina80,bottom,5.24,5.67,4.53,2.82,5.11,5.78,3.89,5.01,5.09,3.29,4.643
Whirling Thunder,602-4,2,Tibor80,bottom,7.16,7.09,7.01,5.62,10.08,6.95,5.59,6.26,2.42,5.33,6.351
Whirling Thunder,603-1,2,Tibor50,bottom,5.52,6.19,7.91,8.5,7.96,6.03,9.67,5.66,4.27,6.44,6.815
Whirling Thunder,604-6,2,Felina60,bottom,4.38,4.5,5.13,3.44,3.15,5.63,5.37,2.7,4.59,5.08,4.397
Whirling Thunder,605-2,2,Tibor60,bottom,9.15,4.92,11.74,7.6,5.69,7.73,6.39,4.07,5.55,5.5,6.834
Whirling Thunder,606-5,2,Felina50,bottom,2.84,6.11,8.26,12.92,5.5,6.21,7.36,6.59,7.14,8.34,7.127
Whirling Thunder,607-7,2,Felina70,bottom,6.23,5.51,8.94,5.71,5.34,7.41,5.43,4.85,4.19,5.18,5.879
Whirling Thunder,608-3,2,Tibor70,bottom,9.69,8.97,6.86,4.75,9.4,4.38,8.01,7.77,5.05,,7.208888889
Whirling Thunder,701-3,2,Tibor70,bottom,7.97,5.42,6.79,8.23,5.63,6.18,5.6,6.71,6.4,4.64,6.357
Whirling Thunder,702-4,2,Tibor80,bottom,6.77,7.08,4.61,9.17,8.45,11.51,10.09,7.94,6.57,6.99,7.918
Whirling Thunder,703-2,2,Tibor60,bottom,5.43,9.29,7.9,9.44,6.62,7.67,8.71,11.86,7.34,9.62,8.388
Whirling Thunder,704-6,2,Felina60,bottom,5.21,1.78,9.03,3.61,6.53,3.93,7.73,4.87,5.39,8.27,5.635
Whirling Thunder,705-7,2,Felina70,bottom,8.64,8.28,8.26,8.53,3.61,2.79,6.96,6.54,8.06,6.5,6.817
Whirling Thunder,706-8,2,Felina80,bottom,4.32,3.26,4.91,5.81,7.22,6.59,3.95,7.25,4.31,6.13,5.375
Whirling Thunder,707-1,2,Tibor50,bottom,5.85,5.56,4.47,7.64,3.12,4.13,3.95,7.4,4.51,5.85,5.248
Whirling Thunder,708-5,2,Felina50,bottom,6.44,4.19,3.54,4.96,4.47,4.63,5.57,5.4,4.33,5.12,4.865
Whirling Thunder,101-1,1,Fibror79,top,2.94,3.19,3.46,3.06,2.48,2.42,3.77,3.13,2.9,4.33,3.168
Whirling Thunder,102-2,1,Futura83,top,4.49,2.51,3.4,2.95,3.18,2.53,2.79,1.58,,,2.92875
Whirling Thunder,103-3,1,Futura75,top,3.6,2.77,4.76,4.43,4.86,4.46,4.67,4.47,2.91,2.95,3.988
Whirling Thunder,104-4,1,Santhica70,top,3.67,3.3,4.53,4.29,3.83,3.65,2.44,2.77,3.59,3.15,3.522
Whirling Thunder,105-5,1,Carmenecta,top,4.1,1.83,3.92,5.26,2.27,4.07,4.39,4.12,2.02,4.59,3.657
Whirling Thunder,106-6,1,Enectarol,top,4.36,2.11,2.99,3.06,3.75,2.47,2.24,4.07,3.59,3.04,3.168
Whirling Thunder,107-7,1,USO31,top,3.83,5.39,3.37,4.35,2.69,4.93,5.67,2.84,2.57,2.87,3.851
Whirling Thunder,108-8,1,Bialob,top,3.46,1.82,3.73,3.55,2.27,5.29,2.62,4.28,5.73,3.09,3.584
Whirling Thunder,109-9,1,Orion33,top,2.95,4.59,2.84,3.15,4.17,5.52,6.02,2.8,4.75,3.38,4.017
Whirling Thunder,110-10,1,Tibor,top,4.17,3.77,3.78,3.72,4.34,1.43,3.01,1.99,4.36,1.64,3.221
Whirling Thunder,111-11,1,Muka,top,3.3,2.73,3.46,3.84,3.31,2.57,2.78,2.28,3.04,2.51,2.982
Whirling Thunder,112-12,1,Ferimon,top,3.95,2.61,3.1,4.08,3.17,2.22,3.39,2.53,2.22,3.48,3.075
Whirling Thunder,201-6,1,Enectarol,top,3.56,1.68,2.02,2.6,3.28,1.95,2.34,2.06,3.27,3.41,2.617
Whirling Thunder,202-12,1,Ferimon,top,4.25,4.04,3.99,2.98,2.9,3.77,2.06,2.91,4.15,2.01,3.306
Whirling Thunder,203-4,1,Santhica70,top,4.25,2.03,3.33,5.52,4.6,2.57,2.18,2.65,4.32,3.73,3.518
Whirling Thunder,205-1,1,Fibror79,top,3.19,4.84,3.27,2.95,2.36,3.52,4.96,3.51,2.21,6.44,3.725
Whirling Thunder,206-9,1,Orion33,top,1.41,3.04,2.76,2.63,3.04,3.52,3.18,3.38,1.94,,2.766666667
Whirling Thunder,208-10,1,Tibor,top,3.26,3.8,3.69,2.65,2.99,2.72,3.23,2.57,3.75,2.73,3.139
Whirling Thunder,209-8,1,Bialob,top,4.76,3.94,3.46,3.61,3.06,1.74,2.02,1.49,1.51,3.38,2.897
Whirling Thunder,210-3,1,Futura75,top,0.98,2.35,5.33,1.63,3.46,4.28,3.39,7.05,2.71,,3.464444444
Whirling Thunder,212-2,1,Futura83,top,4.35,4.38,7.98,2.32,3.02,3.53,3.9,3.53,3.05,4.73,4.079
Whirling Thunder,213-5,1,Carmenecta,top,3.51,4.3,2.74,3.53,3.13,2.96,5.36,2.5,2.05,2.08,3.216
Whirling Thunder,214-7,1,USO31,top,0.67,2.54,3.56,3.32,2.78,3.02,1.96,3.02,3.16,3.45,2.748
Whirling Thunder,218-11,1,Muka,top,4.54,4.92,3.69,2.98,2.65,2.28,1.85,1.26,1.5,2.69,2.836
Whirling Thunder,301-10,1,Tibor,top,5.21,3.84,2.63,2.98,3.7,5.58,5.66,4.74,3.03,1.64,3.901
Whirling Thunder,302-5,1,Carmenecta,top,2.21,3.18,4.79,3.34,1.66,3.16,3.86,2.36,2.55,1.99,2.91
Whirling Thunder,304-12,1,Ferimon,top,2.13,2.03,1.16,2.09,2.19,3.88,2.54,3.82,3.44,,2.586666667
Whirling Thunder,305-2,1,Futura83,top,1.61,4.93,4.06,6.67,1.7,4.77,1.49,1.26,1.85,1.97,3.031
Whirling Thunder,306-3,1,Futura75,top,1.14,2.53,2.12,2.53,3.05,2.12,1.24,4.15,1.61,1.43,2.192
Whirling Thunder,307-1,1,Fibror79,top,3.22,2.82,3.77,3.2,3.72,3.51,1.97,2.08,2.96,1.92,2.917
Whirling Thunder,308-4,1,Santhica70,top,2.15,3.65,2.07,1.78,2.04,1.88,3.12,2.57,1.87,1.26,2.239
Whirling Thunder,312-11,1,Muka,top,1.15,3.53,2.3,2.19,1.76,2,3.16,2.13,2.78,2.46,2.346
Whirling Thunder,314-8,1,Bialob,top,2.92,3.12,2.72,3.65,3.78,3.28,3.94,2.1,1.55,2.27,2.933
Whirling Thunder,316-6,1,Enectarol,top,2.08,2.42,2.27,2.88,3.48,4.41,4.12,2.15,2.98,2.39,2.918
Whirling Thunder,317-7,1,USO31,top,4.39,3.24,2.81,3.05,4.15,2.2,3.41,3.27,3.58,2.04,3.214
Whirling Thunder,318-9,1,Orion33,top,4.12,5.4,4.45,3.89,2.51,4.5,4.37,4.72,3.52,5.58,4.306
Whirling Thunder,404-9,1,Orion33,top,2.04,2.39,1.55,0.48,2.87,1.61,1.51,2.58,2.12,2.44,1.959
Whirling Thunder,405-11,1,Muka,top,2.71,4.69,4.31,3.99,2.65,2.42,4.21,1.12,4.93,,3.447777778
Whirling Thunder,406-7,1,USO31,top,1.38,1.87,1.16,1.89,2.67,1.91,2.4,1.78,1.83,2.69,1.958
Whirling Thunder,407-12,1,Ferimon,top,2.8,2.87,3.92,2.9,3.02,3.03,2.1,3.44,5.09,2.98,3.215
Whirling Thunder,411-8,1,Bialob,top,2.2,2.38,2.88,2.85,2.25,2.89,3.27,3.43,1.8,2.77,2.672
Whirling Thunder,412-2,1,Futura83,top,5.06,4.45,5.21,3.99,3.27,3.01,2.69,2.61,2.65,5.04,3.798
Whirling Thunder,413-10,1,Tibor,top,2.3,2.5,2.07,2.83,2.82,1.91,1.54,2.27,2.56,1.92,2.272
Whirling Thunder,414-5,1,Carmenecta,top,3.42,3.9,3.15,1.77,2.82,3.04,1.77,2.66,2.58,3.1,2.821
Whirling Thunder,415-1,1,Fibror79,top,3.3,3.02,4.15,3.72,3.78,3.65,3.62,1.81,2.18,3.58,3.281
Whirling Thunder,416-4,1,Santhica70,top,3.81,2.83,1.89,3.71,2.42,2.4,2.48,2.57,2.16,3.3,2.757
Whirling Thunder,417-6,1,Enectarol,top,2.8,4.48,4.3,3.56,5.37,3.38,3.33,3.51,1.88,2.21,3.482
Whirling Thunder,418-3,1,Futura75,top,2.4,2.3,2.27,3.39,2.22,3.62,2.94,1.06,2.27,3.84,2.631
